batch,timestamp,time_static,time_nd,time_df,time_af,modularity_static,modularity_nd,modularity_df,modularity_af,communities_static,communities_nd,communities_df,communities_af,speedup_nd,speedup_df,speedup_af,n_affected_df,n_affected_af,adaptive_threshold,frontier_frac_af
0,1483232400000000000,0.0327329430001555,0.02449360200080264,0.02124696999999287,0.006795759998567519,0.7615243792533875,0.8121976256370544,0.8121976256370544,0.8003835678100586,60,43,43,46,1.3363874778026876,1.5405934587457168,4.816671425573489,316,112,0.6505776643753052,0.3446153846153846
1,1483232700000000000,0.0451954050004133,0.04267563900066307,0.021727190000092378,0.0024656450004840735,0.7642334699630737,0.7985556125640869,0.7890337705612183,0.786486804485321,57,41,41,46,1.0590445991848203,2.0801311628526813,18.33005359309236,317,77,0.40937915444374084,0.23692307692307693
2,1483233000000000000,0.04495891599981405,0.224762574000124,0.011781301000155509,0.0028013999999529915,0.7992183566093445,0.7813270092010498,0.8054785132408142,0.7696285843849182,51,37,37,43,0.2000284798295167,3.816124891403811,16.048731348814336,317,82,0.4625406861305237,0.2523076923076923
3,1483233300000000000,0.03838219400131493,0.021307648999936646,0.02265648600041459,0.0036057639990758616,0.7925100922584534,0.8279852271080017,0.8103907108306885,0.7614412307739258,53,34,35,42,1.801334065594428,1.6940929851439706,10.644677247637972,317,78,0.35380277037620544,0.24
4,1483233600000000000,0.25926678699943295,0.007452238000041689,0.011740658999769948,0.0023186660000646953,0.7799010276794434,0.832685649394989,0.829985499382019,0.7692945003509521,52,34,35,42,34.79045985890179,22.08281383562142,111.81722032936132,318,72,0.3602789640426636,0.22153846153846155
5,1483233900000000000,0.03508341999986442,0.025449261000176193,0.023021527000310016,0.005523458999959985,0.7687896490097046,0.8264416456222534,0.8030312061309814,0.7597590684890747,50,33,34,40,1.3785634089579861,1.5239397455864667,6.3517118530469014,318,94,0.32741779088974,0.28923076923076924
6,1483234200000000000,0.03550656799961871,0.022467474998848047,0.023337147000347613,0.0075488100010261405,0.8037895560264587,0.8148184418678284,0.8100032806396484,0.7730952501296997,49,33,34,39,1.5803541787156414,1.5214613851080352,4.703598049863774,318,113,0.45851102471351624,0.3476923076923077
7,1483234500000000000,0.03932328500013682,0.015001614001448615,0.01546786700055236,0.003828128999884939,0.8103936314582825,0.8207506537437439,0.8134133219718933,0.7715237140655518,50,32,32,38,2.621270284406705,2.542256472643098,10.27219432817409,317,63,0.3729456067085266,0.19384615384615383
8,1483234800000000000,0.04069666899886215,0.025928072000169777,0.02262756799973431,0.0044250649989407975,0.7886039018630981,0.8229569792747498,0.8229568600654602,0.7656317353248596,56,30,30,37,1.5695987344757323,1.7985436614018795,9.196852251572233,316,71,0.3942546248435974,0.21846153846153846
9,1483235100000000000,0.0350809070005198,0.03350258700083941,0.022917068001333973,0.0030585610002162866,0.7998758554458618,0.8168805241584778,0.7885472178459167,0.7716302275657654,54,30,30,36,1.0471103917927544,1.5307764064093097,11.469742469755891,315,69,0.36303457617759705,0.2123076923076923
10,1483235400000000000,0.25741700300022785,0.013063616999716032,0.011433366998971906,0.0017157340007543098,0.7788792252540588,0.8152122497558594,0.8152122497558594,0.7707483768463135,60,30,30,36,19.704879820483363,22.514540381969276,150.03316533160523,317,68,0.3847390115261078,0.20923076923076922
11,1483235700000000000,0.03378563699880033,0.024648906000948045,0.021862685000087367,0.007053015999190393,0.7960957884788513,0.8223450779914856,0.8223450779914856,0.7831244468688965,59,30,30,34,1.3706749093651809,1.5453562542142154,4.790239665226697,317,110,0.3229873478412628,0.3384615384615385
12,1483236000000000000,0.04583517599894549,0.014098538998950971,0.01455802399868844,0.006909150000865338,0.7837705612182617,0.8133452534675598,0.8133452534675598,0.7846778631210327,54,30,30,33,3.251058567299487,3.148447619201264,6.63398189259241,317,114,0.3192121088504791,0.3507692307692308
13,1483236300000000000,0.04297310299989476,0.02514525599872286,0.022411481999370153,0.007535897999332519,0.8179133534431458,0.8303859829902649,0.8303860425949097,0.7792617678642273,51,29,29,33,1.7089944521573925,1.9174592292068178,5.702452846853957,318,119,0.484482079744339,0.36615384615384616
14,1483236600000000000,0.2597922910008492,0.19292101800056116,0.011513886000102502,0.0036375290001160465,0.7831979990005493,0.8057827353477478,0.7979888319969177,0.7661311030387878,54,27,27,32,1.3466251302908507,22.5633891979247,71.41999170111391,318,106,0.44432416558265686,0.3261538461538461
15,1483236900000000000,0.25671836999936204,0.19269356800032256,0.011599719000514597,0.0038222120001591975,0.7843664288520813,0.8217570185661316,0.8113003373146057,0.7996688485145569,52,27,27,32,1.3322622683437586,22.131430079295306,67.16486944959347,318,113,0.4159720242023468,0.3476923076923077
16,1483237200000000000,0.0376667210002779,0.02497688699986611,0.021951033000732423,0.003547173000697512,0.7815591096878052,0.8128519654273987,0.8128519058227539,0.8043599128723145,55,27,27,32,1.5080630744928227,1.7159429808620446,10.618800095983804,318,70,0.3611076772212982,0.2153846153846154
17,1483237500000000000,0.03083311800037336,0.017838363999544526,0.018323928999961936,0.002095656000165036,0.7939437627792358,0.8316054940223694,0.8316055536270142,0.7937055230140686,55,26,26,32,1.7284722971882756,1.6826695846964594,14.712871768050295,317,52,0.36480817198753357,0.16
18,1483237800000000000,0.25517690100059554,0.1883731899997656,0.011352534998877672,0.0014107660008448875,0.8002296686172485,0.8284819722175598,0.8303597569465637,0.7992569804191589,53,26,26,32,1.354634919124707,22.477526035006516,180.8782610636872,317,50,0.5056987404823303,0.15384615384615385
19,1483238100000000000,0.029826323001543642,0.028093812999941292,0.02193013800024346,0.005303579999235808,0.807121217250824,0.8103440403938293,0.8072476387023926,0.8204188942909241,53,26,26,32,1.0616687382950107,1.3600608897770057,5.623809390230997,317,98,0.3115202486515045,0.30153846153846153
20,1483238400000000000,0.25758719100122107,0.019539027998689562,0.011671378999380977,0.0012802029996237252,0.7635608315467834,0.7956275939941406,0.7908332943916321,0.818791389465332,54,26,26,32,13.183214181304047,22.06998770367091,201.2080826844888,317,59,0.4280560612678528,0.18153846153846154
21,1483238700000000000,0.2616718689987465,0.19571123300011095,0.011513497000123607,0.0023518110010627424,0.773979127407074,0.7880174517631531,0.7880175113677979,0.8157854676246643,58,26,26,31,1.3370304043743781,22.727401500685435,111.26398714884043,316,79,0.4524153172969818,0.24307692307692308
22,1483239000000000000,0.2584480210007314,0.007346670001425082,0.008274732001154916,0.003288247000455158,0.7641899585723877,0.7864688038825989,0.7864688038825989,0.8156647682189941,58,26,26,31,35.178934258731985,31.233400787440537,78.59750832737234,317,46,0.4043656587600708,0.14153846153846153
23,1483239300000000000,0.0439860669994232,0.018650137999429717,0.018951104999359814,0.003131506999125122,0.766401469707489,0.7808132767677307,0.7808132171630859,0.8127750754356384,57,26,26,31,2.3584848005289936,2.321029143203475,14.046293689176487,317,62,0.5376737117767334,0.19076923076923077
24,1483239600000000000,0.30971887200030324,0.2479490440000518,0.014422332000322058,0.0017876550009532366,0.7287778854370117,0.7682790756225586,0.7682790756225586,0.8071655035018921,64,26,26,31,1.2491230738531847,21.474950929807125,173.25427548109167,317,56,0.2939485013484955,0.1723076923076923
25,1483239900000000000,0.0597023509999417,0.014561487998435041,0.014965889999075443,0.0038139620010042563,0.759861171245575,0.788031280040741,0.788031280040741,0.8118190765380859,57,26,26,31,4.1000171827465755,3.9892282385898845,15.653630262761256,318,67,0.3640154004096985,0.20615384615384616
26,1483240200000000000,0.023512174000643427,0.25417098800062377,0.01326030299969716,0.0020796449989575194,0.7713518142700195,0.789184033870697,0.7908109426498413,0.8202609419822693,54,26,26,30,0.09250534132788485,1.7731249430107592,11.305859419482443,316,80,0.47220155596733093,0.24615384615384617
27,1483240500000000000,0.03095733299960557,0.014693727000121726,0.01906603499992343,0.0024813119998725597,0.7876029014587402,0.7970917820930481,0.7970918416976929,0.8187777400016785,54,26,26,30,2.106840082121378,1.6236901379720479,12.476195255250262,317,57,0.37239885330200195,0.1753846153846154
28,1483240800000000000,0.03766469299989694,0.01967257099931885,0.01913738000075682,0.003617116999521386,0.7678400874137878,0.7983584403991699,0.7983584403991699,0.8134212493896484,56,26,26,30,1.9145790858348437,1.9681217072769328,10.412904256312611,317,68,0.3445504605770111,0.20923076923076922
29,1483241100000000000,0.033480215999588836,0.020333157999630203,0.017910801001562504,0.003805934000411071,0.7975336909294128,0.7938817739486694,0.7938817143440247,0.8151686191558838,52,26,26,30,1.6465821984070421,1.8692751930339735,8.796846187026025,316,60,0.3522489666938782,0.18461538461538463
30,1483241400000000000,0.03193644499879156,0.02170283799932804,0.01931491499999538,0.0023210959989228286,0.796574592590332,0.79128497838974,0.79128497838974,0.8071843385696411,54,26,26,30,1.4715331239066693,1.653460292152422,13.759209017469585,315,55,0.4387243688106537,0.16923076923076924
31,1483241700000000000,0.2700715070004662,0.005124678000356653,0.005495514000358526,0.0029965200010337867,0.7902212738990784,0.7858637571334839,0.7858637571334839,0.8019115924835205,55,26,26,30,52.70019052546727,49.14399398906942,90.12838456185598,316,66,0.35860759019851685,0.20307692307692307
32,1483242000000000000,0.03336763999868708,0.017470534001404303,0.01855221299956611,0.0026637580012902617,0.8054987192153931,0.7805827856063843,0.7805827856063843,0.8049999475479126,53,25,25,30,1.9099381848319548,1.798580039991319,12.526528304194517,318,69,0.4017728865146637,0.2123076923076923
33,1483242300000000000,0.2884164419992885,0.0057018020015675575,0.005887932999030454,0.0014578890004486311,0.759520947933197,0.7783721089363098,0.7783721089363098,0.8058649897575378,56,25,25,29,50.583384326568364,48.98432812445065,197.83155090033267,317,65,0.3412606716156006,0.2
34,1483242600000000000,0.2684263920000376,0.018728555000052438,0.014073166999878595,0.002474805000019842,0.7969564199447632,0.7968261241912842,0.7870640158653259,0.7746300101280212,52,24,24,29,14.332466759944161,19.073630832516464,108.46365349911831,317,81,0.34593552350997925,0.24923076923076923
35,1483242900000000000,0.2863325779999286,0.012906399000712554,0.013254367000627099,0.002089001000058488,0.7544358968734741,0.7990451455116272,0.7990451455116272,0.7737418413162231,57,24,24,29,22.185318924676075,21.60288590065308,137.06675008384957,317,66,0.3465237319469452,0.20307692307692307
36,1483243200000000000,0.02931632800027728,0.014007962001414853,0.015201693999188137,0.005070279999927152,0.8182053565979004,0.7843671441078186,0.7843671441078186,0.7705311179161072,58,24,24,29,2.092833204238863,1.9284908643630736,5.78199389396611,315,89,0.4261627197265625,0.27384615384615385
37,1483243500000000000,0.032219009999607806,0.25321943900053157,0.012459360999855562,0.0019669499997689854,0.8016213774681091,0.7687104344367981,0.7691923975944519,0.7654368877410889,57,24,24,29,0.12723750643622653,2.5859279621146953,16.380187601815944,314,75,0.3571196496486664,0.23076923076923078
38,1483243800000000000,0.038869813999554026,0.03978731800089008,0.022748507999494905,0.0027913009998883354,0.8023614883422852,0.8141524791717529,0.8117752075195312,0.7681897878646851,61,24,24,29,0.9769397876651166,1.7086753118233982,13.925339474714118,313,74,0.3350345492362976,0.2276923076923077
39,1483244100000000000,0.2633114129985188,0.1996725270000752,0.012171475000286591,0.0015763379997224547,0.8006948232650757,0.8402218222618103,0.844066321849823,0.7673417925834656,58,24,24,29,1.3187162848818936,21.633484273049802,167.03994514176526,316,58,0.3965691924095154,0.17846153846153845
40,1483244400000000000,0.028892162001284305,0.017201084998305305,0.017996827000388294,0.00314060500022606,0.8145940899848938,0.8576090931892395,0.8576090931892395,0.7673851847648621,57,24,24,29,1.6796709047208844,1.6054031080401527,9.199552952123764,317,64,0.4459221363067627,0.19692307692307692
41,1483244700000000000,0.03934694999952626,0.014644958999269875,0.014721511000971077,0.0025822499992500525,0.8225198984146118,0.8456233739852905,0.8456233739852905,0.7595731616020203,55,24,24,29,2.6867231244203484,2.67275213780235,15.237467329249128,315,61,0.37193018198013306,0.18769230769230769
42,1483245000000000000,0.040156044999093865,0.014805762000833056,0.014984114000981208,0.004708171998572652,0.7981289625167847,0.8451699614524841,0.8451699614524841,0.7621340155601501,56,24,24,29,2.712190361889814,2.679907867523186,8.529009775188275,317,65,0.3720755875110626,0.2
43,1483245300000000000,0.04027812099957373,0.23841026299851364,0.011929037000300013,0.0020453010001801886,0.7793297171592712,0.8342142105102539,0.8334767818450928,0.7494184374809265,56,24,24,29,0.16894457685248576,3.3764771622856684,19.693004108454097,316,82,0.42837607860565186,0.2523076923076923
44,1483245600000000000,0.041852297999867005,0.016945506999036297,0.015017232999525731,0.003287665000243578,0.7865800857543945,0.8340674042701721,0.8340674042701721,0.7708032131195068,60,24,24,28,2.4698168076202838,2.786951364554893,12.730098108160727,317,86,0.4102494716644287,0.26461538461538464
45,1483245900000000000,0.02409233199978189,0.011446477999925264,0.01173500100048841,0.0013242000004538568,0.8029753565788269,0.8317095041275024,0.8317095041275024,0.767411470413208,60,24,24,28,2.104781226150017,2.0530319510649524,18.19387705144576,315,51,0.3831413984298706,0.15692307692307692
46,1483246200000000000,0.2753364269992744,0.014813802001299337,0.011701393999828724,0.0031124029992497526,0.7780881524085999,0.8391700983047485,0.8391700983047485,0.7495750188827515,61,24,24,28,18.586479485490916,23.53022443337132,88.46425963014573,314,83,0.3315317630767822,0.2553846153846154
47,1483246500000000000,0.03008539300026314,0.02164788699883502,0.02273416400021233,0.003259846000219113,0.8017861843109131,0.833668053150177,0.833668053150177,0.7510796785354614,63,24,24,28,1.3897611809356814,1.3233560292774411,9.229084134109687,315,71,0.340593546628952,0.21846153846153846
48,1483246800000000000,0.03573837600015395,0.01472583999930066,0.01493513300010818,0.005396552000092925,0.8303734660148621,0.847065806388855,0.847065806388855,0.7715346217155457,57,24,24,27,2.4269159519491716,2.392906444147172,6.6224463323134035,316,79,0.35713183879852295,0.24307692307692308
49,1483247100000000000,0.2788602399996307,0.013760929999989457,0.011671227000988438,0.0026590229990688385,0.8030102252960205,0.8405435085296631,0.8405435085296631,0.7738214135169983,61,24,24,27,20.264636183734993,23.89296686423921,104.87319594350429,315,72,0.36689287424087524,0.22153846153846155
50,1483247400000000000,0.04626847699910286,0.018394528000499122,0.018664265000552405,0.004155573000389268,0.8006025552749634,0.8188924789428711,0.8188924789428711,0.7631366848945618,54,24,24,27,2.515339181187329,2.478987358877162,11.13407874071006,316,79,0.4112260043621063,0.24307692307692308
51,1483247700000000000,0.03917558800094412,0.01488521099963691,0.015270858000803855,0.0057307629995193565,0.8176001310348511,0.8277320265769958,0.8277320265769958,0.7735976576805115,55,24,24,27,2.6318463340492593,2.565382246294342,6.836016077480399,316,83,0.36116933822631836,0.2553846153846154
52,1483248000000000000,0.2681907910009613,0.014770898000278976,0.011553497000932111,0.0027214570000069216,0.8010545372962952,0.8246515393257141,0.8246515393257141,0.7723462581634521,53,23,23,27,18.15670184682719,23.212953703915296,98.54676777927384,315,74,0.37093350291252136,0.2276923076923077
53,1483248300000000000,0.2716494669984968,0.21186208099970827,0.012258542999916244,0.003900603998772567,0.761677086353302,0.7906478047370911,0.7338513731956482,0.8054988980293274,53,23,23,27,1.2821995598111342,22.160012572485392,69.64292378410595,314,115,0.3779199421405792,0.35384615384615387
54,1483248600000000000,0.05999217399948975,0.23754685200037784,0.012611982001544675,0.0026055229991470696,0.7776837944984436,0.7497147917747498,0.779673159122467,0.7880546450614929,49,23,23,27,0.25254880666401897,4.756760197734353,23.025002665157235,316,79,0.4534285068511963,0.24307692307692308
55,1483248900000000000,0.04414734000056342,0.24400471300032223,0.012184825000076671,0.001521324998975615,0.7575134038925171,0.7625607848167419,0.7361464500427246,0.7887482047080994,52,23,23,26,0.18092822658103788,3.6231410791936387,29.01900647809643,318,54,0.4657951593399048,0.16615384615384615
56,1483249200000000000,0.2758759749995079,0.22018482700150344,0.013789784999971744,0.0026928180013783276,0.746040940284729,0.7664552330970764,0.7783607840538025,0.7693895101547241,55,23,23,26,1.252929090330208,20.005821338046474,102.44880079466932,318,79,0.430666983127594,0.24307692307692308
57,1483249500000000000,0.2739535509990674,0.2039754269990226,0.013183807999666897,0.002788458999930299,0.7959012389183044,0.8325190544128418,0.8329768180847168,0.7657681703567505,52,23,23,26,1.3430713445712266,20.779546471398028,98.24550083250827,318,73,0.3692413866519928,0.2246153846153846
58,1483249800000000000,0.070684391001123,0.025925357000232907,0.01772060999974201,0.0025937940008589067,0.756409764289856,0.8016968369483948,0.8016968369483948,0.782518744468689,53,23,23,26,2.7264577687585168,3.9888238047195936,27.25135110101906,318,81,0.3570767343044281,0.24923076923076923
59,1483250100000000000,0.0382069790011883,0.24244123000062245,0.012037656000757124,0.0025505310004518833,0.7963785529136658,0.8028005361557007,0.83933424949646,0.7690203785896301,54,23,23,26,0.1575927452648636,3.1739550456322414,14.98000965070375,318,60,0.2994876503944397,0.18461538461538463
60,1483250400000000000,0.2747396039994783,0.013734612000916968,0.011972084999797517,0.0019077830002061091,0.7497747540473938,0.8013378381729126,0.8013378381729126,0.7733425498008728,56,23,23,26,20.003448512497897,22.948350600929157,144.00988161116675,319,70,0.38713833689689636,0.2153846153846154
61,1483250700000000000,0.06127645800006576,0.027103435999379144,0.02218578799875104,0.0020274770013202215,0.7448945045471191,0.7839961051940918,0.7839961051940918,0.7614550590515137,52,23,23,26,2.260837260687885,2.7619689687612334,30.22301015506696,319,61,0.3977840840816498,0.18769230769230769
62,1483251000000000000,0.03164537399970868,0.023419859000568977,0.024291500998515403,0.005838357999891741,0.7752146124839783,0.8046744465827942,0.8046744465827942,0.7824204564094543,50,23,23,26,1.3512196635743994,1.3027344008771922,5.420252406634789,318,103,0.4058680534362793,0.3169230769230769
63,1483251300000000000,0.2758919560001232,0.009980372999052634,0.010079084000608418,0.003549261999069131,0.7653892040252686,0.8125718832015991,0.8125718832015991,0.7935412526130676,47,23,23,26,27.643451404703175,27.37272117024415,77.73220350385,315,98,0.3797995150089264,0.30153846153846153
64,1483251600000000000,0.2568284830012999,0.22166385899981833,0.01320514200051548,0.0016372570007661125,0.7738052010536194,0.8027887344360352,0.7972980737686157,0.7906656265258789,51,23,23,26,1.1586394108635922,19.44912693792117,156.86509990864207,317,68,0.31796738505363464,0.20923076923076922
65,1483251900000000000,0.2812711450005736,0.009733184000651818,0.010006907999922987,0.0026362230000813724,0.7707955241203308,0.8113275170326233,0.8113275170326233,0.8010209798812866,52,23,23,26,28.898163743923597,28.1076977027008,106.69474660978665,316,80,0.31175553798675537,0.24615384615384617
66,1483252200000000000,0.27092452599936223,0.21611050499996054,0.012753707000229042,0.003591671000322094,0.7179733514785767,0.77225261926651,0.7666335701942444,0.7671782374382019,52,23,23,26,1.2536388548044515,21.24280618917282,75.43133153762308,315,94,0.40961286425590515,0.28923076923076924
67,1483252500000000000,0.021324052000636584,0.23622223399979703,0.013642624000567594,0.0016167489993677009,0.7861645817756653,0.7884690165519714,0.7721115946769714,0.7491974830627441,54,23,23,26,0.09027114696009059,1.563046229211434,13.189463552460072,317,70,0.4030712842941284,0.2153846153846154
68,1483252800000000000,0.023334065999733866,0.2610057689998939,0.012516021999545046,0.0031746879994898336,0.7749781012535095,0.7527853846549988,0.7514651417732239,0.7692395448684692,51,23,23,26,0.08940057566215462,1.864335649184865,7.350034398178217,317,99,0.3730330169200897,0.3046153846153846
69,1483253100000000000,0.03660172800118744,0.031162420998953166,0.02437777899831417,0.0023388740009977482,0.775508463382721,0.8079182505607605,0.811674952507019,0.7749596834182739,53,23,23,26,1.174546996923538,1.5014381746474363,15.649294483402434,317,52,0.3798299729824066,0.16
70,1483253400000000000,0.2805640639999183,0.010007676000896026,0.010576671000308124,0.0035316209996381076,0.7846152782440186,0.7916531562805176,0.7916531562805176,0.7770470380783081,53,23,23,26,28.034886818358057,26.526689162567767,79.4434238636219,317,91,0.4043470025062561,0.28
71,1483253700000000000,0.07002664500032552,0.019815245999780018,0.01946751899959054,0.003031084001122508,0.746460497379303,0.793290913105011,0.793290913105011,0.749305009841919,47,23,23,26,3.5339780793588393,3.597101664665045,23.10283877793964,317,72,0.4885382056236267,0.22153846153846155
72,1483254000000000000,0.04117850599868689,0.010418288000437315,0.010938485000224318,0.0011139839989482425,0.7838018536567688,0.8013661503791809,0.8013661503791809,0.752355694770813,50,23,23,26,3.952521373661238,3.7645529520625964,36.96507852676985,317,64,0.3404940366744995,0.19692307692307692
73,1483254300000000000,0.2781830969997827,0.0077756299997417955,0.008064622999881976,0.0031516369999735616,0.7720159292221069,0.8090937733650208,0.8090937733650208,0.7416525483131409,51,23,23,26,35.776277550374736,34.49424691071782,88.26622387099667,315,79,0.35035276412963867,0.24307692307692308
74,1483254600000000000,0.29133757000090554,0.008569551000618958,0.007843401999707567,0.003167175000271527,0.7572386860847473,0.8159238696098328,0.8159238696098328,0.7613360285758972,56,23,23,26,33.996830169966074,37.144286371113935,91.98657162169084,318,82,0.3895188570022583,0.2523076923076923
75,1483254900000000000,0.24723273900053755,0.007917703000202891,0.009203035000609816,0.0016384490008931607,0.7605619430541992,0.8174862861633301,0.8174862861633301,0.7600826025009155,53,23,23,26,31.225311052233483,26.864261516353604,150.89437563559477,317,56,0.40040695667266846,0.1723076923076923
76,1483255200000000000,0.035403853999014245,0.014899646999765537,0.015431605999765452,0.002890894000302069,0.798965573310852,0.8190611004829407,0.8190611004829407,0.7661757469177246,52,23,23,26,2.376153877979214,2.2942429971029816,12.246680091111921,317,74,0.3463740348815918,0.2276923076923077
77,1483255500000000000,0.27711916100088274,0.005744632999267196,0.006221862999154837,0.002284199999849079,0.789706826210022,0.8119902014732361,0.8119902014732361,0.7737098932266235,53,23,23,26,48.239663184094255,44.53957938940892,121.32000745083288,316,71,0.3166775405406952,0.21846153846153846
78,1483255800000000000,0.24632709600155067,0.006678227999145747,0.0059918219994870014,0.0020974229992134497,0.7811740040779114,0.8164575695991516,0.8164575695991516,0.7784687280654907,54,23,23,26,36.885098267543405,41.110549682991305,117.44273620243762,316,82,0.3332401514053345,0.2523076923076923
79,1483256100000000000,0.2658209440014616,0.007847621998735121,0.008175794000635506,0.0026336060000176076,0.8023456335067749,0.8238216042518616,0.8238216042518616,0.7878633737564087,52,23,23,26,33.87280172825687,32.51316556909327,100.93421111574185,316,63,0.3376842439174652,0.19384615384615383
80,1483256400000000000,0.03122476499993354,0.015194179999525659,0.01604516899897135,0.002554225999119808,0.8009624481201172,0.8152569532394409,0.8152569532394409,0.785973072052002,55,23,23,26,2.055047722279737,1.9460539806053367,12.224746365706741,316,62,0.3964482247829437,0.19076923076923077
81,1483256700000000000,0.03425480499936384,0.018321981000553933,0.012163910998424399,0.0037944209998386214,0.7940202951431274,0.8023840188980103,0.8023840188980103,0.7791755199432373,57,23,23,26,1.8696016003033846,2.8161012526152893,9.027676423048659,315,74,0.3686193525791168,0.2276923076923077
82,1483257000000000000,0.02282794400161947,0.02157784500013804,0.014917846001480939,0.0035718039998755557,0.7772936820983887,0.8077932596206665,0.8077932596206665,0.7749251127243042,52,23,23,25,1.0579343767402831,1.5302439775389338,6.391152482727163,317,92,0.4499351978302002,0.28307692307692306
83,1483257300000000000,0.2558637379988795,0.21504049400027725,0.01251959799992619,0.001383011000143597,0.7578509449958801,0.7882863283157349,0.8079009652137756,0.7751955986022949,49,23,23,25,1.1898397982593438,20.43705700457698,185.00484665148244,318,64,0.45094308257102966,0.19692307692307692
84,1483257600000000000,0.24278293299903453,0.2215252940004575,0.012410823001118843,0.003329643001052318,0.7576858401298523,0.7915792465209961,0.7917289137840271,0.7739762663841248,46,23,23,25,1.0959603240546116,19.56219446342499,72.91560474270187,318,65,0.33417484164237976,0.2
85,1483257900000000000,0.030896235999534838,0.25331567600005656,0.012370256999929552,0.000932771999941906,0.7846248745918274,0.7849363088607788,0.7836814522743225,0.7787051796913147,48,23,23,25,0.12196732743664841,2.4976228060347325,33.12303113886254,318,55,0.3487854599952698,0.16923076923076924
86,1483258200000000000,0.28456238199942163,0.21589225299976533,0.011838743999760482,0.002989508999235113,0.7692104578018188,0.8103554248809814,0.8129434585571289,0.7946071624755859,53,23,23,25,1.3180759292911308,24.036534788249398,95.18699628341274,318,78,0.44272083044052124,0.24
87,1483258500000000000,0.266781305999757,0.010043066999060102,0.010609549999571755,0.0018533170004957356,0.7965125441551208,0.8266791105270386,0.8266791105270386,0.7924497127532959,48,22,22,25,26.56372859254292,25.145393160928165,143.94801640971127,316,63,0.41523152589797974,0.19384615384615383
88,1483258800000000000,0.34369849799986696,0.21747016799963603,0.013000453000131529,0.002280184000483132,0.7717003226280212,0.8200094699859619,0.8086661100387573,0.7974332571029663,52,22,22,25,1.5804397502486052,26.4374247571519,150.73279083049576,318,64,0.37425896525382996,0.19692307692307692
89,1483259100000000000,0.28059105400097906,0.2242377540005691,0.01259275600023102,0.0030230520005716244,0.7710542678833008,0.7952916622161865,0.792451024055481,0.7881662249565125,52,22,22,25,1.2513104907404082,22.28194161753245,92.81714437856924,317,82,0.42941489815711975,0.2523076923076923
90,1483259400000000000,0.2841080470007,0.22019130999979097,0.012363695999738411,0.0026215839989163214,0.7699826955795288,0.8189537525177002,0.8189537525177002,0.7846121191978455,53,22,22,25,1.290278199448333,22.979216490498565,108.37266596002308,317,81,0.2925204932689667,0.24923076923076923
91,1483259700000000000,0.27472314099941286,0.010105285000463482,0.010128454998266534,0.002915127000960638,0.7793616652488708,0.8206579685211182,0.8206579685211182,0.780552089214325,50,22,22,24,27.186085398562494,27.123894122690107,94.24053940321703,317,90,0.31941500306129456,0.27692307692307694
92,1483260000000000000,0.05195655300121871,0.015195725000012317,0.015467219998754445,0.006210135999936028,0.7976229190826416,0.8194864392280579,0.8194864392280579,0.7628070116043091,50,22,22,24,3.419155913994008,3.359139716471525,8.36641146051454,317,88,0.3429413437843323,0.27076923076923076
93,1483260300000000000,0.03606966199913586,0.019401071998800035,0.019791239001278882,0.004810501000974909,0.8092443346977234,0.8281853795051575,0.8281853795051575,0.7429742813110352,52,21,21,24,1.859158195040294,1.8225065139582766,7.498109238897546,319,81,0.41510897874832153,0.24923076923076923
94,1483260600000000000,0.2727314160001697,0.013737516999754007,0.012313499999436317,0.0014861409999866737,0.7882354855537415,0.8241522312164307,0.8241522312164307,0.7357859015464783,52,21,21,24,19.853035741834088,22.14897600297679,183.51651424906203,319,70,0.4079405665397644,0.2153846153846154
95,1483260900000000000,0.02870815499954915,0.01096232800045982,0.008545807000700734,0.003287142000772292,0.7825376987457275,0.8222866058349609,0.8222866058349609,0.7539452910423279,55,21,21,24,2.618800951617665,3.359326392135366,8.733469680593162,317,98,0.4484231173992157,0.30153846153846153
96,1483261200000000000,0.020469869999942603,0.009029700999235502,0.008977946999948472,0.0021885259993723594,0.7772958278656006,0.8231209516525269,0.8231209516525269,0.7596933841705322,58,21,21,24,2.2669488172062047,2.280016801175156,9.353267909914296,318,82,0.49101853370666504,0.2523076923076923
97,1483261500000000000,0.021134852000614046,0.011732103999747778,0.011868894998769974,0.006094700998801272,0.7992208003997803,0.8100596070289612,0.8100596070289612,0.7665242552757263,54,21,21,24,1.8014545388506966,1.7806924741354897,3.4677422247245477,317,76,0.3835304081439972,0.23384615384615384
98,1483261800000000000,0.028908006999699865,0.016894548998607206,0.00869957899885776,0.0024874629998521414,0.789205014705658,0.809479832649231,0.809479832649231,0.7666319608688354,56,21,21,24,1.7110848595060486,3.3229202244724068,11.62148220955174,316,74,0.3799022436141968,0.2276923076923077
99,1483262100000000000,0.03425514199989266,0.015694193998569972,0.01675746699947922,0.004453167000974645,0.7938575744628906,0.8092143535614014,0.8092143535614014,0.7850651741027832,56,21,21,24,2.182663346904844,2.044171831038499,7.6923102125735205,317,94,0.3366044759750366,0.28923076923076924
100,1483262400000000000,0.05050128600123571,0.022897898999872268,0.023603084999194834,0.0033461219991295366,0.8074655532836914,0.8073049187660217,0.8073049187660217,0.784170389175415,53,21,21,23,2.2054986792245623,2.1396053101939194,15.092481987917107,317,63,0.43788087368011475,0.19384615384615383
101,1483262700000000000,0.03536572099983459,0.022789121998357587,0.023405339999953867,0.006226539999261149,0.7885279655456543,0.8054085373878479,0.8054085373878479,0.7835304737091064,54,20,20,23,1.5518685187776609,1.5110107778782236,5.67983519001422,317,84,0.44881629943847656,0.25846153846153846
102,1483263000000000000,0.0525335210004414,0.018866405000153463,0.01933321300020907,0.0022012490007909946,0.7788835167884827,0.8028503060340881,0.8028503060340881,0.7842901945114136,51,20,20,23,2.78450086277773,2.717267998851163,23.865324178029862,317,48,0.3773084282875061,0.1476923076923077
103,1483263300000000000,0.06322718499905022,0.22510930899989035,0.012170353998953942,0.002476425001077587,0.7890344858169556,0.8037137389183044,0.8034465312957764,0.7878575325012207,52,20,20,23,0.28087325788504386,5.195180436368957,25.53163732862399,316,81,0.4536236524581909,0.24923076923076923
104,1483263600000000000,0.04658387600102287,0.018198615000073914,0.02209069200034719,0.0033477209999546176,0.7932981848716736,0.8090144395828247,0.8090144395828247,0.7854951620101929,49,20,20,23,2.559748420461319,2.108755850667364,13.91510104983491,317,70,0.3996175229549408,0.2153846153846154
105,1483263900000000000,0.03025345300011395,0.014485890000287327,0.014847402000668808,0.003949916001147358,0.7962184548377991,0.807577908039093,0.807577908039093,0.7914912700653076,62,20,20,23,2.0884773389494105,2.037626043852734,7.659264903690619,317,68,0.42807072401046753,0.20923076923076922
106,1483264200000000000,0.04040113399969414,0.022228705000088667,0.022515392998684547,0.004226592000122764,0.790991485118866,0.8156474828720093,0.8156474828720093,0.7980355024337769,69,20,20,23,1.817520813719602,1.7943783615970887,9.5587967796562,316,74,0.45033329725265503,0.2276923076923077
107,1483264500000000000,0.06254528399949777,0.03411763500116649,0.01798563199918135,0.002576286999101285,0.7843114733695984,0.786489725112915,0.7856346368789673,0.7819310426712036,57,20,20,23,1.8332244892519465,3.477513828946608,24.277296753551195,316,76,0.4678512513637543,0.23384615384615384
108,1483264800000000000,0.2781656040006055,0.015011567000328796,0.012445784001101856,0.004271752999557066,0.7471716403961182,0.7975160479545593,0.7975160479545593,0.774368166923523,50,20,20,23,18.530084433857766,22.35018733861835,65.11743633806736,318,104,0.6159376502037048,0.32
109,1483265100000000000,0.281958356999894,0.22087746400029573,0.019321689000207698,0.002971693000290543,0.726579487323761,0.7672772407531738,0.7762333750724792,0.7647351622581482,47,20,20,23,1.2765374606053812,14.592842116279954,94.88138814215564,318,93,0.5874597430229187,0.28615384615384615
110,1483265400000000000,0.2473442120008258,0.016741735000323388,0.014178294999510399,0.0023109650010155747,0.7849898934364319,0.7608063220977783,0.7470791935920715,0.7669568657875061,54,20,20,23,14.774108656961063,17.44527194626484,107.03070444257187,318,87,0.5377858281135559,0.2676923076923077
111,1483265700000000000,0.03747900100097468,0.25664989900178625,0.014712508000229718,0.0021973780003463617,0.782801628112793,0.7634789943695068,0.7623223066329956,0.7750161290168762,51,20,20,23,0.14603162185820237,2.5474243412740702,17.056237477150972,316,79,0.42431044578552246,0.24307692307692308
112,1483266000000000000,0.04060156100058521,0.019690418999743997,0.024157552001270233,0.00257023500125797,0.8225550651550293,0.7862074971199036,0.7853245139122009,0.7767020463943481,48,20,20,23,2.061995785925789,1.6806984829609526,15.796828298079074,315,59,0.3580632507801056,0.18153846153846154
113,1483266300000000000,0.30193010499897355,0.22648630700132344,0.012827075001041521,0.00208384899997327,0.7846313714981079,0.7624375820159912,0.7645400762557983,0.766534149646759,51,20,20,23,1.3331053386693672,23.53850000677923,144.89058708325146,315,74,0.33537834882736206,0.2276923076923077
114,1483266600000000000,0.032620195001072716,0.02497434799988696,0.02408068499971705,0.003993399001046782,0.7955039143562317,0.7861866354942322,0.7861866354942322,0.7785229682922363,55,20,20,23,1.3061480124013793,1.354620726173529,8.16852886288649,317,80,0.3527316153049469,0.24615384615384617
115,1483266900000000000,0.02825353099979111,0.008458013000563369,0.010445312000229023,0.002349732998482068,0.7965605854988098,0.7810102701187134,0.7810102701187134,0.7735841274261475,53,20,20,23,3.340445444800003,2.704900629025885,12.024145304186877,317,61,0.3702378571033478,0.18769230769230769
116,1483267200000000000,0.03227098000024853,0.010287794999385369,0.007059179999487242,0.0017515420004201587,0.782640278339386,0.7805151343345642,0.7805151343345642,0.7738136053085327,51,20,20,23,3.1368218361832167,4.571491306722962,18.424325532877535,317,54,0.4442431330680847,0.16615384615384615
117,1483267500000000000,0.021086700000523706,0.008705302001544624,0.01154775200120639,0.001697239000350237,0.7637845873832703,0.7762136459350586,0.7762136459350586,0.7741771340370178,49,20,20,23,2.422282420159828,1.826043718147115,12.42411940579513,317,71,0.328926146030426,0.21846153846153846
118,1483267800000000000,0.032701215999622946,0.009253340998839121,0.01202687099976174,0.0019565319998946507,0.782086968421936,0.781875491142273,0.781875491142273,0.7834011912345886,48,20,20,22,3.533990155958316,2.7190127839793723,16.713867190203757,317,60,0.37757840752601624,0.18461538461538463
119,1483268100000000000,0.26466731400068966,0.006476710999777424,0.0064378259994555265,0.0022968939993006643,0.7659432291984558,0.778850793838501,0.778850793838501,0.778563380241394,54,20,20,22,40.864462535040566,41.1112872611148,115.22835362941126,316,87,0.4670718312263489,0.2676923076923077
120,1483268400000000000,0.26547025200125063,0.010730234000220662,0.011486569999760832,0.0021462049990077503,0.7679479718208313,0.777894139289856,0.777894139289856,0.7764907479286194,50,20,20,22,24.74039727332986,23.111359788585986,123.69286816682695,318,76,0.5049504041671753,0.23384615384615384
121,1483268700000000000,0.04032671599998139,0.02004360600039945,0.0206728449993534,0.003282986999693094,0.7793471217155457,0.7739238142967224,0.7739238142967224,0.7633150815963745,54,20,20,22,2.011949147233173,1.950709541973672,12.283544224741458,319,67,0.4287366569042206,0.20615384615384616
122,1483269000000000000,0.08299852699929033,0.22701166499973624,0.013684890000149608,0.0015976490012690192,0.7531754970550537,0.7632299661636353,0.7632299661636353,0.7688298225402832,55,20,20,22,0.36561348950674744,6.064975823582285,51.95041397288407,318,78,0.39758118987083435,0.24
123,1483269300000000000,0.028864903000794584,0.22916207799971744,0.012440717000572477,0.001816698000766337,0.7862750291824341,0.7423351407051086,0.7350559234619141,0.7761926651000977,53,20,20,21,0.12595846246790524,2.3201960947641784,15.888663381926174,317,58,0.51302170753479,0.17846153846153845
124,1483269600000000000,0.019418758998654084,0.017633704001127626,0.017098755000915844,0.0027789729992946377,0.7918009161949158,0.7832682132720947,0.7832682132720947,0.7791089415550232,56,20,20,21,1.101229724476055,1.135682627045886,6.987746553702745,318,78,0.38354164361953735,0.24
125,1483269900000000000,0.2678166470013821,0.22693640500074252,0.01274189700052375,0.0028480439996201312,0.7824869751930237,0.7856028079986572,0.7788643836975098,0.7860335111618042,48,20,20,21,1.1801396386820606,21.018585143983945,94.03529125150565,317,68,0.35586225986480713,0.20923076923076922
126,1483270200000000000,0.2805369640009303,0.007971078000991838,0.013344322000193642,0.0014863880005577812,0.7944197654724121,0.7914770245552063,0.7914770245552063,0.7877708077430725,49,20,20,21,35.1943568945158,21.02294623862189,188.73737132946187,315,66,0.4788224697113037,0.20307692307692307
127,1483270500000000000,0.26730610499907925,0.011552071999176405,0.01051820599968778,0.0013799850003124448,0.7869336605072021,0.7883931994438171,0.7883931994438171,0.7815289497375488,48,20,20,21,23.139234677392643,25.41365942129427,193.70218150092794,316,56,0.6065277457237244,0.1723076923076923
128,1483270800000000000,0.037628612999469624,0.01679218299977947,0.01696500400066725,0.0028540040002553724,0.7836969494819641,0.7827865481376648,0.7827865481376648,0.777113139629364,46,20,20,21,2.2408410508606176,2.21801380052664,13.184499039280487,317,66,0.4402869641780853,0.20307692307692307
129,1483271100000000000,0.04978768900036812,0.017021650999595295,0.01685024499965948,0.0024782189993857173,0.7948184609413147,0.7765619158744812,0.7765619158744812,0.7766155004501343,43,20,20,21,2.924962390637187,2.954716029433059,20.09010866784135,317,56,0.383804053068161,0.1723076923076923
130,1483271400000000000,0.2957375249989127,0.008640084999569808,0.008787725000729552,0.0018963209986395668,0.7584777474403381,0.778381884098053,0.778381884098053,0.7735099792480469,46,20,20,21,34.22854347076881,33.653479708839406,155.95330390322985,317,57,0.4358709156513214,0.1753846153846154
131,1483271700000000000,0.27479879799830087,0.03124606299934385,0.013649415001054876,0.0014915510000719223,0.7652925252914429,0.7862573862075806,0.7765498161315918,0.7760744094848633,48,20,20,21,8.794669523775571,20.13264289913256,184.23694394965383,315,66,0.44557061791419983,0.20307692307692307
132,1483272000000000000,0.26075218500045594,0.0063105070003075525,0.014105906000622781,0.001775291999365436,0.7883191108703613,0.7879000306129456,0.7845156788825989,0.778204083442688,49,20,20,21,41.32032259654379,18.485319907061882,146.87847694557274,315,58,0.4109764099121094,0.17846153846153845
133,1483272300000000000,0.028277366000111215,0.011930218999623321,0.01296265100063465,0.002614791999803856,0.8149250149726868,0.787327766418457,0.7868475914001465,0.7826710343360901,44,20,20,21,2.370230253191834,2.181449303751737,10.814384471970387,316,57,0.42227619886398315,0.1753846153846154
134,1483272600000000000,0.2895227300014085,0.015943313999741804,0.012786412000423297,0.001585612999406294,0.7678557634353638,0.7838431596755981,0.7837449908256531,0.7786452174186707,48,20,20,21,18.159507490481413,22.643000240554095,182.59356482938483,316,71,0.3730626702308655,0.21846153846153846
135,1483272900000000000,0.029154689000279177,0.016421972000898677,0.021345311999539263,0.0034440409999660915,0.7878153920173645,0.775385856628418,0.7714082598686218,0.7704659104347229,52,20,20,21,1.7753464077690373,1.3658591170233763,8.46525607580346,314,67,0.37549126148223877,0.20615384615384616
136,1483273200000000000,0.04999707299975853,0.021320178999303607,0.0257431660011207,0.004932641000777949,0.7999706864356995,0.7690311670303345,0.7489123344421387,0.7705737352371216,45,20,20,20,2.345058782170244,1.9421493454838448,10.13596428198875,314,64,0.3718922436237335,0.19692307692307692
137,1483273500000000000,0.29390996799884306,0.22488066400001117,0.01377969200075313,0.0015465329997823574,0.7369744181632996,0.7201176285743713,0.7076147198677063,0.767727792263031,41,20,20,20,1.3069597126359804,21.329211711174633,190.04442067528132,314,73,0.416965514421463,0.2246153846153846
138,1483273800000000000,0.03651657899899874,0.25488341900017986,0.01498345199979667,0.0013163849998818478,0.7895338535308838,0.7376116514205933,0.7231937050819397,0.7638170123100281,47,20,20,20,0.14326776979938805,2.4371272387360587,27.740044897409412,316,56,0.45177996158599854,0.1723076923076923
139,1483274100000000000,0.2593942870007595,0.22246686699872953,0.012877593999292003,0.0026914150002994575,0.7508765459060669,0.7344201803207397,0.736224889755249,0.7441856861114502,49,20,20,20,1.1659906506537931,20.14307074869892,96.37840577239047,316,65,0.41801002621650696,0.2
140,1483274400000000000,0.08780473299884761,0.2232780130016181,0.015148698999837507,0.0029358680003497284,0.7757022380828857,0.7524197697639465,0.7518710494041443,0.7184773683547974,47,20,20,20,0.39325293081236484,5.796189692579505,29.90758882497036,317,75,0.4216960668563843,0.23076923076923078
141,1483274700000000000,0.05169847299839603,0.018284546000359114,0.015096267999979318,0.005009616001188988,0.8078936338424683,0.7595639228820801,0.7122236490249634,0.7130768299102783,45,20,20,20,2.8274408890098037,3.42458632812208,10.31984746657745,317,85,0.4206355810165405,0.26153846153846155
142,1483275000000000000,0.028307957998549682,0.010273646999849007,0.009289890000218293,0.002865922000637511,0.8142735362052917,0.7687471508979797,0.7681830525398254,0.7159786224365234,47,20,20,20,2.7553952358851466,3.0471790298792025,9.877434903061811,317,66,0.349872350692749,0.20307692307692307
143,1483275300000000000,0.026067303000672837,0.009537683999951696,0.009759848000612692,0.0024677150013303617,0.7887469530105591,0.7696422934532166,0.7695304155349731,0.7304887771606445,52,20,20,20,2.733085201900677,2.6708718208558593,10.563336117266289,318,88,0.4939858913421631,0.27076923076923076
144,1483275600000000000,0.025827811999988626,0.010619620999932522,0.011722160001227167,0.0016155539997271262,0.791810929775238,0.7754947543144226,0.7753491401672363,0.7326757907867432,52,20,20,20,2.4320841581966754,2.2033321501570335,15.98696917859202,317,62,0.4606263041496277,0.19076923076923077
145,1483275900000000000,0.2510062820001622,0.010668970999176963,0.01008292600090499,0.0019521159993018955,0.7888195514678955,0.7818228602409363,0.781650722026825,0.7414921522140503,56,20,20,20,23.52675642473164,24.894190632524047,128.5816427353321,317,74,0.41733819246292114,0.2276923076923077
146,1483276200000000000,0.036873216999083525,0.01534265400005097,0.015874598999289447,0.003329909999592928,0.7722408175468445,0.7914848327636719,0.7912328839302063,0.7566190361976624,59,20,20,20,2.4033141201620674,2.322781003837261,11.07333741860626,315,74,0.3779366910457611,0.2276923076923077
147,1483276500000000000,0.04443286200148577,0.02006512499974633,0.020312919999923906,0.004318022000006749,0.7926393151283264,0.7828380465507507,0.7825151085853577,0.7599537968635559,53,20,20,20,2.2144323547472298,2.1874187463767996,10.29009625273246,314,61,0.4504564106464386,0.18769230769230769
148,1483276800000000000,0.038717465999070555,0.032361699999455595,0.024569573999542627,0.003329917999508325,0.8025608658790588,0.7957937717437744,0.7878149747848511,0.7659839987754822,52,20,20,20,1.1963977788472757,1.5758297640728853,11.627152982381949,315,64,0.3714143633842468,0.19692307692307692
149,1483277100000000000,0.03345603599882452,0.028256223999051144,0.024336806000064826,0.002863648000129615,0.7955197095870972,0.7962318062782288,0.794687807559967,0.7675871253013611,55,20,20,20,1.1840235977725824,1.37470940100913,11.683012715707456,316,73,0.3620472252368927,0.2246153846153846
150,1483277400000000000,0.2869911460002186,0.011361761999069131,0.010343346999434289,0.0024311460001626983,0.7655549049377441,0.7915343046188354,0.7915343046188354,0.7826493382453918,52,20,20,20,25.259387234456394,27.746448612418693,118.04768038653887,316,71,0.4506871700286865,0.21846153846153846
151,1483277700000000000,0.08059075600067445,0.2910304710003402,0.0181490400009352,0.0034800590001395904,0.8096252679824829,0.7338396906852722,0.7352489233016968,0.7851853370666504,52,20,20,20,0.27691518253626524,4.440496907633775,23.157870598585205,316,60,0.4062972664833069,0.18461538461538463
152,1483278000000000000,0.286904066999341,0.013011545999688678,0.013253265000457759,0.0016742619991418906,0.7763828635215759,0.7937288284301758,0.7970384359359741,0.7870035171508789,53,20,20,20,22.04995985920548,21.647802785912116,171.36151160713672,315,73,0.46029964089393616,0.2246153846153846
153,1483278300000000000,0.2878463190008915,0.012256859999979497,0.012804501999198692,0.0015931430007185554,0.7754219174385071,0.7875834703445435,0.7860825061798096,0.7808456420898438,57,20,20,20,23.484507369862513,22.480087005250574,180.6782685992809,313,62,0.3505652844905853,0.19076923076923077
154,1483278600000000000,0.2576471620013763,0.015276144000381464,0.01098946699858061,0.0019783640000241576,0.7860880494117737,0.795795202255249,0.795795202255249,0.7718757390975952,47,20,20,20,16.865981493428087,23.444918851355915,130.23243548620485,314,65,0.4521849453449249,0.2
155,1483278900000000000,0.032963814001050196,0.03215790499962168,0.013813924999340088,0.0015477559991268208,0.792543888092041,0.7534738779067993,0.768841564655304,0.7694990634918213,45,20,20,20,1.025060992046528,2.386274285014934,21.29781052029325,315,64,0.4391786456108093,0.19692307692307692
156,1483279200000000000,0.06311546999859274,0.25769684099941514,0.014743724001164082,0.0020549479995679576,0.7589510083198547,0.7799432277679443,0.7960347533226013,0.7726948857307434,46,20,20,20,0.24492139583013356,4.280836374420025,30.71390128210663,316,67,0.4215816557407379,0.20615384615384616
157,1483279500000000000,0.283352467999066,0.01751242499994987,0.014056453001103364,0.003291593999165343,0.7188281416893005,0.7839486598968506,0.7750177979469299,0.7732415795326233,54,20,20,20,16.180081741956187,20.158177029213856,86.08366283050593,316,79,0.42860090732574463,0.24307692307692308
158,1483279800000000000,0.045089683999322006,0.03226387499853445,0.024095965000014985,0.003764484001294477,0.7603598237037659,0.7926743030548096,0.779463529586792,0.7811238765716553,51,20,20,20,1.397528474226055,1.8712545440406294,11.977653241139347,315,67,0.3958384394645691,0.20615384615384616
159,1483280100000000000,0.04768023299948254,0.013848295999196125,0.011195708999366616,0.0019118780001008417,0.7732482552528381,0.7902012467384338,0.7892915606498718,0.7818761467933655,53,20,20,20,3.4430397069971868,4.2587953118627855,24.9389516470024,316,59,0.44308775663375854,0.18153846153846154
160,1483280400000000000,0.3086185190004471,0.008484559000862646,0.009840673999860883,0.0025823779997153906,0.7664029598236084,0.784579873085022,0.7862963080406189,0.7749736309051514,60,20,20,20,36.374137886137525,31.361522493765168,119.50942853232975,316,55,0.37625831365585327,0.16923076923076924
161,1483280700000000000,0.040881687000364764,0.025779696999961743,0.02542482999888307,0.004497079000429949,0.7467122673988342,0.7741802930831909,0.7639179229736328,0.7636246681213379,58,20,20,20,1.585809445333102,1.6079433766975324,9.090720220048663,315,59,0.5330910682678223,0.18153846153846154
162,1483281000000000000,0.05060582700025407,0.02101444999971136,0.022007978999681654,0.005918693999774405,0.7662221193313599,0.7726912498474121,0.7603852152824402,0.7558802366256714,54,20,20,20,2.4081442531662334,2.2994309019009007,8.55016782455436,317,85,0.5128556489944458,0.26153846153846155
163,1483281300000000000,0.04611613899942313,0.025639806999606662,0.025651442001617397,0.0053623690000677016,0.7803584933280945,0.7758661508560181,0.7703388333320618,0.7680705189704895,52,20,20,20,1.7986149037756247,1.797799086558774,8.599956287760298,316,75,0.42514684796333313,0.23076923076923078
164,1483281600000000000,0.040513949999876786,0.016929725999943912,0.016982023998934892,0.006129110999609111,0.7966269850730896,0.789251446723938,0.7855095267295837,0.7823949456214905,50,20,20,20,2.3930659007718735,2.3856961927752436,6.610085867666713,315,76,0.3641042113304138,0.23384615384615384
165,1483281900000000000,0.05845499700080836,0.045311347999813734,0.03376269599903026,0.00448662100097863,0.7877314686775208,0.7773134112358093,0.7777116894721985,0.7805452346801758,51,20,20,20,1.2900741112590308,1.7313486163097676,13.028735208090465,315,79,0.4945722222328186,0.24307692307692308
166,1483282200000000000,0.04082107000067481,0.037750047998997616,0.025103971998760244,0.002876803000617656,0.7870299220085144,0.7793814539909363,0.7710186839103699,0.7808087468147278,54,19,19,20,1.0813514727652462,1.626080127984956,14.189734226469604,315,73,0.38903290033340454,0.2246153846153846
167,1483282500000000000,0.038458179000372184,0.028534548000607174,0.0250102859990875,0.006013377000272158,0.8077772855758667,0.8058100342750549,0.8043829202651978,0.765916645526886,58,19,19,20,1.3477760012022566,1.5376944910496158,6.395437871038456,313,82,0.5156869888305664,0.2523076923076923
168,1483282800000000000,0.03698183699998481,0.020323173999713617,0.020090528998480295,0.002762804000667529,0.8099625110626221,0.8082556128501892,0.8082556128501892,0.7585551142692566,58,19,19,20,1.819688056624715,1.8407597431995055,13.385617289916157,312,68,0.3735634982585907,0.20923076923076922
169,1483283100000000000,0.29820002099950216,0.008556957000109833,0.009419350999451126,0.003483225000309176,0.8018803000450134,0.8072021007537842,0.8072021007537842,0.7565126419067383,57,19,19,20,34.848839487644334,31.658234311140813,85.6103240453986,312,75,0.3661888539791107,0.23076923076923078
170,1483283400000000000,0.0313608309988922,0.02792969799884304,0.024375629000132903,0.002906412999436725,0.8087005019187927,0.7900087833404541,0.7900087833404541,0.7513598799705505,54,19,19,20,1.1228489115847686,1.2865649948446953,10.790218391181865,312,53,0.4197879135608673,0.16307692307692306
171,1483283700000000000,0.036678848999144975,0.01990538600148284,0.020461266998609062,0.006931582000106573,0.8109305500984192,0.8039637207984924,0.8039637207984924,0.7582967281341553,61,19,19,20,1.8426595192081483,1.7925991094118643,5.291555232064057,315,95,0.3855339288711548,0.2923076923076923
172,1483284000000000000,0.04504207900026813,0.012102121001589694,0.012265671999557526,0.002529842000512872,0.809013843536377,0.8020536303520203,0.8020536303520203,0.7565670013427734,57,19,19,20,3.721833469881152,3.672206382324017,17.804305166542733,314,47,0.3485082983970642,0.14461538461538462
173,1483284300000000000,0.03382231100113131,0.015797030999237904,0.01644496999870171,0.004036182999698212,0.7976367473602295,0.7984082102775574,0.7984082102775574,0.7482633590698242,57,19,19,20,2.141054923723515,2.0566964247305712,8.379776388647448,318,67,0.4106904864311218,0.20615384615384616
174,1483284600000000000,0.03770167999937257,0.016326296001352603,0.01673680300154956,0.003455407000728883,0.8144864439964294,0.7974876761436462,0.7974876761436462,0.7443820238113403,56,19,19,20,2.30926108385203,2.252621363583117,10.910923081252017,314,60,0.4029701054096222,0.18461538461538463
175,1483284900000000000,0.03873658700103988,0.26893811999980244,0.015008599000793765,0.00266344199917512,0.8171713948249817,0.7984420657157898,0.7953278422355652,0.7676401138305664,61,19,19,20,0.1440353156371746,2.580959555185078,14.543807228780192,316,77,0.39746415615081787,0.23692307692307693
176,1483285200000000000,0.03223076299946115,0.02004947400018864,0.020337240001026657,0.00444896600129141,0.827390193939209,0.8091437816619873,0.8091437816619873,0.7683804631233215,55,19,19,20,1.6075615250134692,1.5848149993722889,7.2445514283780685,315,61,0.6190529465675354,0.18769230769230769
177,1483285500000000000,0.03380060999916168,0.012640974000532879,0.012683259001278202,0.006664079999609385,0.8154639005661011,0.8102524280548096,0.8102524280548096,0.7476176619529724,63,19,19,20,2.673892850166199,2.664978299012525,5.072059459241621,314,92,0.36580008268356323,0.28307692307692306
178,1483285800000000000,0.03595679099998961,0.03432197399888537,0.026765724000142654,0.004837078999116784,0.7960783839225769,0.8030704855918884,0.7994493842124939,0.781223475933075,59,19,19,20,1.0476317883451962,1.3433894409057632,7.433575305789932,315,66,0.40882450342178345,0.20307692307692307
179,1483286100000000000,0.037409024000226054,0.016219773999182507,0.01700439100022777,0.004859874999965541,0.7933019399642944,0.7945988774299622,0.7945988774299622,0.764651358127594,52,19,19,20,2.306383800545649,2.1999625861181955,7.697528022941188,315,72,0.47416457533836365,0.22153846153846155
180,1483286400000000000,0.035899597000025096,0.016774010999142774,0.017227775000719703,0.0038616460005869158,0.8097897171974182,0.7950063943862915,0.7950063943862915,0.7647537589073181,47,19,19,20,2.1401915738495534,2.0838208647678162,9.296449491892542,316,70,0.3908005654811859,0.2153846153846154
181,1483286700000000000,0.036749205999512924,0.017143839000709704,0.01717723499859858,0.004765146000863751,0.8156965970993042,0.7930777072906494,0.7930777072906494,0.763679027557373,45,19,19,20,2.1435809096195793,2.139413357418184,7.712083951436451,317,72,0.4270208477973938,0.22153846153846155
182,1483287000000000000,0.31141423099870735,0.023981873000593623,0.016021555000406806,0.003743437999219168,0.8023420572280884,0.7805321216583252,0.7486932277679443,0.7694874405860901,49,19,19,20,12.985400722912631,19.43720387882451,83.18936524757837,318,77,0.44138503074645996,0.23692307692307693
183,1483287300000000000,0.30521951199989417,0.022009948999766493,0.01522006000050169,0.003251288999308599,0.7636784315109253,0.7499974966049194,0.7520196437835693,0.7736537456512451,50,19,19,20,13.867342991259648,20.053765358995523,93.87646317039194,317,75,0.5325829982757568,0.23076923076923078
184,1483287600000000000,0.30991444399842294,0.24526231700110657,0.019529144999978598,0.0026570170011837035,0.7759447693824768,0.749226450920105,0.7529971599578857,0.7689729928970337,49,19,19,20,1.2636039966833743,15.869329865632242,116.63999284173032,317,66,0.427062451839447,0.20307692307692307
185,1483287900000000000,0.28864235400033067,0.22793770200041763,0.014366733999850112,0.0018906229997810442,0.7460951805114746,0.7675279974937439,0.772139847278595,0.7525766491889954,48,19,19,20,1.2663212424586163,20.091020965749216,152.67049752053094,315,68,0.35521742701530457,0.20923076923076922
186,1483288200000000000,0.04332776500086766,0.034363998000117135,0.023780534998877556,0.003016630000274745,0.7843659520149231,0.7843442559242249,0.7596132159233093,0.7563813328742981,47,19,19,20,1.2608476173441743,1.8219844508507792,14.362969604134914,315,58,0.396095871925354,0.17846153846153845
187,1483288500000000000,0.05356630200003565,0.23991079700135742,0.01243479699951422,0.0031801770001038676,0.7843983769416809,0.750296413898468,0.774828314781189,0.7770973443984985,43,19,19,20,0.223275912003796,4.307774546068447,16.843811523159285,317,86,0.36982420086860657,0.26461538461538464
188,1483288800000000000,0.04975294399991981,0.25181902599979367,0.01424062800106185,0.002936646000307519,0.7940620183944702,0.7641754746437073,0.7641318440437317,0.7760843634605408,41,19,19,20,0.19757420553266922,3.493732439061675,16.94209788810425,318,70,0.4044378697872162,0.2153846153846154
189,1483289100000000000,0.2827390549991833,0.01272785000037402,0.00993627999923774,0.0015442500007338822,0.7826015949249268,0.7803142070770264,0.7803142070770264,0.7684230208396912,38,19,19,20,22.2142038907494,28.455222177804323,183.09150387878626,318,60,0.4460161328315735,0.18461538461538463
190,1483289400000000000,0.2905490049997752,0.2428486620010517,0.016175455999473343,0.001741471998684574,0.7082694172859192,0.7372534871101379,0.7524238228797913,0.760334312915802,34,19,19,20,1.1964200362714656,17.96233781658058,166.84104322047227,318,73,0.5724107623100281,0.2246153846153846
191,1483289700000000000,0.3039257569998881,0.24512775699986378,0.013602152999737882,0.0015380539989564568,0.7666141986846924,0.7319965958595276,0.7414969801902771,0.7620302438735962,33,19,19,20,1.239866756501415,22.34394488914695,197.60408750674327,318,69,0.5165204405784607,0.2123076923076923
192,1483290000000000000,0.28816983599972446,0.2252156129998184,0.013312483000845532,0.0014373559988598572,0.7165350914001465,0.7639949917793274,0.7519479393959045,0.7619279026985168,40,19,19,20,1.279528679923078,21.64658809190003,200.48605650117798,318,61,0.39025798439979553,0.18769230769230769
193,1483290300000000000,0.28074124899831077,0.22283586600133276,0.013320441999894683,0.0038031289986975025,0.7613756060600281,0.7544924020767212,0.722269594669342,0.7598643898963928,42,19,19,20,1.2598566560942739,21.075970977579455,73.81849237679268,316,100,0.4375397264957428,0.3076923076923077
194,1483290600000000000,0.28998881299958157,0.2393810930007021,0.013530423999327468,0.00463171599949419,0.7319597601890564,0.7638853788375854,0.7854781150817871,0.7721729278564453,40,19,19,20,1.2114106814556613,21.43235223182921,62.60936832725711,315,115,0.5362794995307922,0.35384615384615387
195,1483290900000000000,0.28883442799997283,0.2211818569994648,0.012831337999159587,0.001528532999145682,0.7436605095863342,0.7409547567367554,0.7474484443664551,0.7653763890266418,44,19,19,20,1.3058685369508936,22.51007868539435,188.96185307180568,317,71,0.4878613352775574,0.21846153846153846
196,1483291200000000000,0.2865529789996799,0.23919361499974912,0.013047652000750531,0.0025127660010184627,0.7424715161323547,0.7600448727607727,0.7558378577232361,0.7278648614883423,41,19,19,20,1.1979959373078604,21.96203416393974,114.03886350083357,319,64,0.4198552072048187,0.19692307692307692
197,1483291500000000000,0.28673392699965916,0.22791758799939998,0.013585587999841664,0.0019233910006732913,0.7314730286598206,0.7350721955299377,0.7522629499435425,0.7376245260238647,39,19,19,20,1.258059676379227,21.10574286538065,149.07729468386134,318,66,0.39435598254203796,0.20307692307692307
198,1483291800000000000,0.3113728860007541,0.24827359200025967,0.01518833599948266,0.002647447001436376,0.7831277251243591,0.7503599524497986,0.768197774887085,0.7421772480010986,39,19,19,20,1.2541522579672042,20.500789949034573,117.61250964866088,318,63,0.38639533519744873,0.19384615384615383
199,1483292100000000000,0.08650419800142117,0.2579717739990883,0.014596057999369805,0.0021415090013761073,0.796296238899231,0.7620167136192322,0.7695569396018982,0.7442269921302795,37,19,19,20,0.3353242746693942,5.926545236060042,40.39403894442407,317,61,0.3104579448699951,0.18769230769230769
